CREATE DATABASE DBKHACHSAN
GO
USE	DBKHACHSAN
GO
CREATE TABLE ROLES
(
ID INT IDENTITY(1,1) NOT NULL,
NAME NVARCHAR(255) NOT NULL,
STATUS INT NOT NULL

CONSTRAINT PK_IDR PRIMARY KEY (ID)
)
GO
CREATE TABLE NATIONALITY
(
ID INT IDENTITY(1,1) NOT NULL,
NAME NVARCHAR(255) NOT NULL,
STATUS INT NOT NULL

CONSTRAINT PK_IDNT PRIMARY KEY (ID)
)
GO
CREATE TABLE USERS
(
ID INT IDENTITY(1,1) NOT NULL,
USERNAME NVARCHAR(255) NOT NULL,
PASSWORD NVARCHAR(255) NOT NULL,
STATUS INT NOT NULL

CONSTRAINT PK_IDUSER PRIMARY KEY (ID),
)
GO
CREATE TABLE CUSTOMER
(
ID INT IDENTITY(1,1) NOT NULL,
ID_USER INT NULL,
FULLNAME NVARCHAR(255) NOT NULL,
EMAIL NVARCHAR(255) NULL,
CITIZEN_ID_CODE NVARCHAR(12) NULL,
GENDER NVARCHAR(5) NULL,
DATE_OF_BIRTH DATETIME NULL,
PHONE_NUMBER NVARCHAR(12) NULL,
ADDRESS NVARCHAR(255) NULL,
IMG NVARCHAR(255) NULL,
ID_NATIONALITY INT NOT NULL,
STATUS INT NOT NULL

CONSTRAINT PK_IDCT PRIMARY KEY (ID),
CONSTRAINT FK_ID_USER1 FOREIGN KEY (ID_USER) REFERENCES USERS,
CONSTRAINT FK_ID_NATIONALITY FOREIGN KEY (ID_NATIONALITY) REFERENCES NATIONALITY
)
GO
CREATE TABLE PERSONNEL
(
ID INT IDENTITY(1,1) NOT NULL,
ID_USER INT NOT NULL,
FULLNAME NVARCHAR(255) NOT NULL,
EMAIL NVARCHAR(50) NOT NULL,
GENDER NVARCHAR(5) NOT NULL,
CITIZEN_ID_CODE NVARCHAR(12) NULL,
DATE_OF_BIRTH DATE NOT NULL,
PHONE_NUMBER NVARCHAR(12) NOT NULL,
ADDRESS NVARCHAR(MAX) NULL,
ID_NATIONALITY INT NOT NULL,
IMG NVARCHAR(MAX) NULL,
STATUS INT NOT NULL

CONSTRAINT PK_IDST PRIMARY KEY (ID),
CONSTRAINT FK_ID_USER2 FOREIGN KEY (ID_USER) REFERENCES USERS,
CONSTRAINT FK_ID_NATIONALITY2 FOREIGN KEY (ID_NATIONALITY) REFERENCES NATIONALITY
)
GO
CREATE TABLE HAND_OVER
(
ID INT IDENTITY(1,1) NOT NULL,
ID_PERSONNEL INT NOT NULL,
RECEIVER NVARCHAR(255) NOT NULL,
DATE_TIME_START DATETIME NOT NULL,
DATE_TIME_END DATETIME NOT NULL,
MONEY_FIRST FLOAT NOT NULL,
TOTAL_MONEY FLOAT NOT NULL,
TOTAL_MONEY_CARD FLOAT NOT NULL,
TOTAL_CASH FLOAT NOT NULL,
SURCHARGE FLOAT NOT NULL,
MONEY_REAL FLOAT NOT NULL,
MONEY_HAND_OVER FLOAT NOT NULL,
NOTE NVARCHAR(255) NULL,
STATUS INT NOT NULL

CONSTRAINT PK_IDHO PRIMARY KEY (ID),
CONSTRAINT FK_ID_PSN FOREIGN KEY (ID_PERSONNEL) REFERENCES PERSONNEL,
)
CREATE TABLE RESET_HAND_OVER
(
ID INT IDENTITY(1,1) NOT NULL,
ID_PERSONNEL INT NOT NULL,
RECEIVER NVARCHAR(255) NOT NULL,
DATE_TIME_START DATETIME NOT NULL,
DATE_TIME_END DATETIME NOT NULL,
TOTAL_MONEY FLOAT NOT NULL,
HAND_MONEY FLOAT NOT NULL,
NOTE NVARCHAR(255) NULL,
STATUS INT NOT NULL

CONSTRAINT PK_IDRHO PRIMARY KEY (ID),
CONSTRAINT FK_ID_PSN2 FOREIGN KEY (ID_PERSONNEL) REFERENCES PERSONNEL,
)
GO
CREATE TABLE AUTHORITY
(
ID INT IDENTITY(1,1) NOT NULL,
ID_ROLES INT NOT NULL,
ID_USER INT NOT NULL,
STATUS INT NOT NULL

CONSTRAINT PK_IDAU PRIMARY KEY (ID),
CONSTRAINT FK_ID_ROLES2 FOREIGN KEY (ID_ROLES) REFERENCES ROLES,
CONSTRAINT FK_ID_USER FOREIGN KEY (ID_USER) REFERENCES USERS
)
CREATE TABLE NUMBER_OF_FLOORS
(
ID INT IDENTITY(1,1) NOT NULL,
NUMBER_OF_FLOORS INT NOT NULL,
STATUS INT NOT NULL

CONSTRAINT PK_IDN PRIMARY KEY (ID)
)
GO
CREATE TABLE KIND_OF_ROOM
(
ID INT IDENTITY(1,1) NOT NULL,
NAME NVARCHAR(255) NOT NULL,
NOTE NVARCHAR(255) NULL,
PRICES FLOAT NOT NULL,
STATUS INT NOT NULL

CONSTRAINT PK_ID_KIND_OF_ROOM PRIMARY KEY (ID),
)

GO
CREATE TABLE ROOMS
(
ID INT IDENTITY(1,1) NOT NULL,
NAME NVARCHAR(255) NULL,
ID_NUMBER_OF_FLOORS INT NOT NULL,
ID_KIND_OF_ROOM INT NOT NULL,
NOTE NVARCHAR(255) NULL,
IMG NVARCHAR(255) NULL,
PRICES FLOAT NOT NULL,
STATUS INT NOT NULL

CONSTRAINT PK_IDROOM PRIMARY KEY (ID),
CONSTRAINT FK_ID_NUMBER_OF_FLOORS FOREIGN KEY (ID_NUMBER_OF_FLOORS) REFERENCES NUMBER_OF_FLOORS,
CONSTRAINT FK_ID_KIND_OF_ROOM FOREIGN KEY (ID_KIND_OF_ROOM) REFERENCES KIND_OF_ROOM

)
GO
CREATE TABLE FACILITIES
(
ID INT IDENTITY(1,1) NOT NULL,
NAME NVARCHAR(255) NOT NULL,
STATUS INT NOT NULL

CONSTRAINT PK_ID_FACILITIES PRIMARY KEY (ID)
)
GO
CREATE TABLE FACILITIES_DETAILS
(
ID INT IDENTITY(1,1) NOT NULL,
ID_FACILITIES INT NOT NULL,
ID_ROOMS INT NOT NULL,
STATUS INT NOT NULL

CONSTRAINT PK_IDFACILITIESDETAILS PRIMARY KEY (ID),
CONSTRAINT FK_ID_FACILITIES FOREIGN KEY (ID_FACILITIES) REFERENCES FACILITIES,
CONSTRAINT FK_ID_ROOMS FOREIGN KEY (ID_ROOMS) REFERENCES ROOMS
)
GO 
CREATE TABLE RENTAL_TYPES
(
ID INT IDENTITY(1,1) NOT NULL,
NAME NVARCHAR(255) NOT NULL,
STATUS INT NOT NULL

CONSTRAINT PK_ID_RENTAL_TYPES PRIMARY KEY (ID)
)
GO
CREATE TABLE PAYMENT_TYPE
(
ID INT IDENTITY(1,1) NOT NULL,
NAME NVARCHAR(255) NOT NULL,
STATUS INT NOT NULL

CONSTRAINT PK_ID_PAYMENT_TYPE PRIMARY KEY (ID),
)
GO
CREATE TABLE BILLS
(
ID INT IDENTITY(1,1) NOT NULL,
ID_CUSTOMER INT NOT NULL,
ID_PERSONNEL INT NOT NULL,
ID_PAYMENT_TYPE INT NOT NULL,
HIRE_DATE DATETIME NOT NULL,
CHECK_OUT_DAY DATETIME NULL,
DEPOSITS FLOAT NULL,
NUMBER_OF_ROOM INT NULL,
NUMBER_OF_PEOPLE INT NULL,
DATE_OF_PAYMENT DATETIME NULL,
TOTAL_CASH FLOAT NULL, 
TOTAL_CARD FLOAT NULL,
STATUS INT NOT NULL

CONSTRAINT PK_ID_BILLS PRIMARY KEY (ID),
CONSTRAINT FK_ID_CUSTOMER FOREIGN KEY (ID_CUSTOMER) REFERENCES CUSTOMER,
CONSTRAINT FK_ID_PERSONNEL FOREIGN KEY (ID_PERSONNEL) REFERENCES PERSONNEL,
CONSTRAINT FK_ID_PAYMENT_TYPE FOREIGN KEY (ID_PAYMENT_TYPE) REFERENCES PAYMENT_TYPE
)
GO
CREATE TABLE DETAILS_INVOICE
(
ID INT IDENTITY(1,1) NOT NULL,
ID_BILL INT NOT NULL,
ID_ROOMS INT NOT NULL,
NUMBER_OF_DAYS_OF_RENT DATETIME NULL,
NUMBER_OF_HOURS_TO_RENT NVARCHAR(10) NULL,
NUMBER_OF_PEOPLE INT NULL,
TOTAL_CASH FLOAT NULL, 
STATUS INT NOT NULL

CONSTRAINT PK_ID_DETAILS_INVOICE PRIMARY KEY (ID),
CONSTRAINT FK_ID_BILL3 FOREIGN KEY (ID_BILL) REFERENCES BILLS,
CONSTRAINT FK_ID_ROOMS_3 FOREIGN KEY (ID_ROOMS) REFERENCES ROOMS,
)
GO
CREATE TABLE DETAILS_OF_RENTAL_TYPES
(
ID INT IDENTITY(1,1) NOT NULL,
ID_RENTAL_TYPES INT NOT NULL,
ID_DETAILS_INVOICE INT NOT NULL,
DAY_IN DATETIME NULL,
DAY_OUT DATETIME NULL,
TIME_IN NVARCHAR(12) NULL,
TIME_OUT NVARCHAR(12) NULL,
STATUS INT NOT NULL

CONSTRAINT PK_ID_DETAILS_OF_RENTAL_TYPES PRIMARY KEY (ID),
CONSTRAINT FK_ID_RENTAL_TYPES FOREIGN KEY (ID_RENTAL_TYPES) REFERENCES RENTAL_TYPES,
CONSTRAINT ID_DETAILS_INVOICE2 FOREIGN KEY (ID_DETAILS_INVOICE) REFERENCES DETAILS_INVOICE
)
GO
CREATE TABLE BOOKING_TYPE
(
ID INT IDENTITY(1,1) NOT NULL,
NAME NVARCHAR(255) NOT NULL,
STATUS INT NOT NULL

CONSTRAINT PK_ID_BOOKING_TYPE PRIMARY KEY (ID)
)
GO
CREATE TABLE BOOKING
(
ID INT IDENTITY(1,1) NOT NULL,
ID_BILL INT NOT NULL,
ID_BOOKING_TYPE INT NOT NULL,
DATE_OF_HIRE DATETIME NOT NULL,
TIME_IN NVARCHAR(15) NULL,
TIME_OUT NVARCHAR(15) NULL,
STATUS INT NOT NULL

CONSTRAINT PK_IDBOOKING PRIMARY KEY (ID),
CONSTRAINT FK_ID_BILL2 FOREIGN KEY (ID_BILL) REFERENCES BILLS,
CONSTRAINT FK_ID_BOOKING_TYPE FOREIGN KEY (ID_BOOKING_TYPE) REFERENCES BOOKING_TYPE
)
GO
CREATE TABLE SERVICE_TYPE
(
ID INT IDENTITY(1,1) NOT NULL,
NAME NVARCHAR(255) NOT NULL,
NOTE NVARCHAR(255) NULL,
STATUS INT NOT NULL

CONSTRAINT PK_ID_SERVICE_TYPE PRIMARY KEY (ID),
)
GO
CREATE TABLE SERVICESS
(
ID INT IDENTITY(1,1) NOT NULL,
NAME NVARCHAR(255) NOT NULL,
ID_SERVICE_TYPE INT NOT NULL,
PRICES FLOAT NOT NULL,
NOTE NVARCHAR(255) NULL,
STATUS INT NOT NULL

CONSTRAINT PK_ID_SERVICESS PRIMARY KEY (ID),
CONSTRAINT FK_ID_SERVICE_TYPE FOREIGN KEY (ID_SERVICE_TYPE) REFERENCES SERVICE_TYPE
)
GO
CREATE TABLE SERVICE_DETAILS
(
ID INT IDENTITY(1,1) NOT NULL,
ID_SERVICE INT NOT NULL,
ID_DETAILS_INVOICE INT NOT NULL,
QUANTITY INT NOT NULL,
TOTAL_CASH FLOAT NULL,
STATUS INT NOT NULL

CONSTRAINT PK_ID_SERVICE_DETAILS PRIMARY KEY (ID),
CONSTRAINT FK_ID_SERVICE FOREIGN KEY (ID_SERVICE) REFERENCES SERVICESS,
CONSTRAINT FK_ID_DETAILS_INVOICE FOREIGN KEY (ID_DETAILS_INVOICE) REFERENCES DETAILS_INVOICE
)
GO
CREATE TABLE SERVICE_AVAILABLE
(
ID INT IDENTITY(1,1) NOT NULL,
ID_SERVICE INT NOT NULL,
ID_ROOMS INT NOT NULL,
QUANTITY INT NOT NULL,
PRICES FLOAT NOT NULL,
STATUS INT NOT NULL

CONSTRAINT PK_ID_SERVICE_AVAILABLE PRIMARY KEY (ID),
CONSTRAINT FK_ID_SERVICES FOREIGN KEY (ID_SERVICE) REFERENCES SERVICESS,
CONSTRAINT FK_ID_ROOMS4 FOREIGN KEY (ID_ROOMS) REFERENCES ROOMS
)



-- INSERT
---
INSERT INTO USERS (USERNAME, PASSWORD, STATUS) VALUES ('lanhv', '123456', 1)
INSERT INTO USERS (USERNAME, PASSWORD, STATUS) VALUES ('trucnv', '123456', 1)
INSERT INTO USERS (USERNAME, PASSWORD, STATUS) VALUES ('vubq', '123456', 1)
INSERT INTO USERS (USERNAME, PASSWORD, STATUS) VALUES ('huynh', '123456', 1)
INSERT INTO USERS (USERNAME, PASSWORD, STATUS) VALUES ('chidp', '123456', 1)
INSERT INTO USERS (USERNAME, PASSWORD, STATUS) VALUES ('teonv', '123456', 1)
INSERT INTO USERS (USERNAME, PASSWORD, STATUS) VALUES ('teonv2', '12345678', 1)
---
INSERT INTO ROLES (NAME, STATUS) VALUES (N'Quản lý', 1)
INSERT INTO ROLES (NAME, STATUS) VALUES (N'Nhân viên', 1)
INSERT INTO ROLES (NAME, STATUS) VALUES (N'Khách hàng', 1)
---
INSERT INTO AUTHORITY (ID_ROLES, ID_USER, STATUS) VALUES (1, 1, 1)
INSERT INTO AUTHORITY (ID_ROLES, ID_USER, STATUS) VALUES (1, 2, 1)
INSERT INTO AUTHORITY (ID_ROLES, ID_USER, STATUS) VALUES (1, 3, 1)
INSERT INTO AUTHORITY (ID_ROLES, ID_USER, STATUS) VALUES (1, 4, 1)
INSERT INTO AUTHORITY (ID_ROLES, ID_USER, STATUS) VALUES (2, 5, 1)
INSERT INTO AUTHORITY (ID_ROLES, ID_USER, STATUS) VALUES (3, 6, 1)
INSERT INTO AUTHORITY (ID_ROLES, ID_USER, STATUS) VALUES (2, 7, 1)
---
INSERT INTO NATIONALITY (NAME, STATUS) VALUES (N'Việt Nam', 1)
INSERT INTO NATIONALITY (NAME, STATUS) VALUES (N'Hàn Quốc', 1)
INSERT INTO NATIONALITY (NAME, STATUS) VALUES (N'Nhật Bản', 0)
---
INSERT INTO CUSTOMER (ID_USER, FULLNAME, EMAIL, CITIZEN_ID_CODE, GENDER,
						DATE_OF_BIRTH, PHONE_NUMBER, ADDRESS, IMG, ID_NATIONALITY, STATUS)
		VALUES (5, N'Hồ Văn Lân', 'lanhv@gmail.com', '987654321', N'Nam', 
		'2/3/1999', '0345789999', N'Đà Nẵng', 'lanhv.jpg', 1, 1)
INSERT INTO CUSTOMER (ID_USER, FULLNAME, EMAIL, CITIZEN_ID_CODE, GENDER,
						DATE_OF_BIRTH, PHONE_NUMBER, ADDRESS, IMG, ID_NATIONALITY, STATUS)
		VALUES (6, N'Nguyễn Văn Tèo', 'teonv@gmail.com', '987654321', N'Nam', 
		'2/3/1998', '0345789999', N'Đà Nẵng', 'teo.jpg', 1, 1)
---
INSERT INTO PERSONNEL (ID_USER, FULLNAME, EMAIL, GENDER, CITIZEN_ID_CODE,
						DATE_OF_BIRTH, PHONE_NUMBER, ADDRESS, ID_NATIONALITY, IMG, STATUS)
		VALUES (1, N'Hồ Văn Lân', 'holan2k@gmail.com', N'Nam', '178954321',
		'02/23/2000', '0334407886', N'Nghệ An', 1, 'lan.jpg', 1)
INSERT INTO PERSONNEL (ID_USER, FULLNAME, EMAIL, GENDER, CITIZEN_ID_CODE,
						DATE_OF_BIRTH, PHONE_NUMBER, ADDRESS, ID_NATIONALITY, IMG, STATUS)
		VALUES (2, N'Nguyễn Văn Trức', 'trucnv@gmail.com', N'Nam', '222222222',
		'2/2/2000', '0333797979', N'Hà Nội', 1, 'truc.jpg', 1)
INSERT INTO PERSONNEL (ID_USER, FULLNAME, EMAIL, GENDER, CITIZEN_ID_CODE,
						DATE_OF_BIRTH, PHONE_NUMBER, ADDRESS, ID_NATIONALITY, IMG, STATUS)
		VALUES (3, N'Bùi Quang Vũ', 'vubq@gmail.com', N'Nam', '333333333',
		'3/3/2002', '032198765', N'Hải Dương', 1, 'vu.jpg', 1)
INSERT INTO PERSONNEL (ID_USER, FULLNAME, EMAIL, GENDER, CITIZEN_ID_CODE,
						DATE_OF_BIRTH, PHONE_NUMBER, ADDRESS, ID_NATIONALITY, IMG, STATUS)
		VALUES (4, N'Nguyễn Hoàng Huy', 'huynh@gmail.com', N'Nam', '444444444',
		'4/4/2002', '0343219876', N'Kon Tum', 1, 'huy.jpg', 1)
INSERT INTO PERSONNEL (ID_USER, FULLNAME, EMAIL, GENDER, CITIZEN_ID_CODE,
						DATE_OF_BIRTH, PHONE_NUMBER, ADDRESS, ID_NATIONALITY, IMG, STATUS)
		VALUES (5, N'Đinh Phương Chi', 'chidp@gmail.com', N'Nữ', '555555555',
		'5/5/2002', '0354321987', N'Dak Lak', 1, 'chi.jpg', 1)
INSERT INTO PERSONNEL (ID_USER, FULLNAME, EMAIL, GENDER, CITIZEN_ID_CODE,
						DATE_OF_BIRTH, PHONE_NUMBER, ADDRESS, ID_NATIONALITY, IMG, STATUS)
		VALUES (7, N'FPOLY', 'fpoly@gmail.com', N'Nam', '66666666',
		'9/9/2002', '0354321987', N'Hà Nội', 1, 'fpoly.jpg', 1)
---
INSERT INTO HAND_OVER(ID_PERSONNEL,RECEIVER,DATE_TIME_START,DATE_TIME_END,TOTAL_MONEY,MONEY_FIRST,TOTAL_MONEY_CARD,TOTAL_CASH,SURCHARGE,MONEY_REAL,MONEY_HAND_OVER, NOTE, STATUS)
VALUES(6,N'','2022-10-31T09:35:53','2022-10-31T09:35:53',0,500000,0,500000,0,0,0,N'Đã nhận ca từ quản lý lúc 2022-10-31T09:35:53',0) 
---
INSERT INTO RESET_HAND_OVER(ID_PERSONNEL,RECEIVER,DATE_TIME_START,DATE_TIME_END,TOTAL_MONEY,HAND_MONEY,NOTE,STATUS) 
VALUES(6,N'huynh','2022-10-31T09:35:53','2022-10-31T12:35:53',3000000,2000000,N'Còn dư 1 triệu',1)
---
INSERT INTO PAYMENT_TYPE (NAME, STATUS) VALUES (N'Chuyển khoản', 1)
INSERT INTO PAYMENT_TYPE (NAME, STATUS) VALUES (N'Tiền mặt', 1)
---
INSERT INTO BILLS (ID_CUSTOMER, ID_PERSONNEL,ID_PAYMENT_TYPE,
				HIRE_DATE,NUMBER_OF_PEOPLE,NUMBER_OF_ROOM, TOTAL_CASH,TOTAL_CARD, DEPOSITS, CHECK_OUT_DAY, DATE_OF_PAYMENT, STATUS)
		VALUES (1,3, 1, '10/13/2022',3,2,6000000,500000,3000000, '10/13/2022', '10/13/2022', 1)
INSERT INTO BILLS (ID_CUSTOMER, ID_PERSONNEL,ID_PAYMENT_TYPE,
				HIRE_DATE,NUMBER_OF_PEOPLE,NUMBER_OF_ROOM, TOTAL_CASH,TOTAL_CARD, DEPOSITS, CHECK_OUT_DAY, DATE_OF_PAYMENT, STATUS)
		VALUES (2, 4, 1, '10/05/2022',2,2,8000000,4000000,3000000, '10/06/2022', '', 0)
---
SET IDENTITY_INSERT RENTAL_TYPES ON
INSERT INTO RENTAL_TYPES (ID, NAME, STATUS) VALUES (1, N'Theo ngày', 1)
INSERT INTO RENTAL_TYPES (ID, NAME, STATUS) VALUES (2, N'Theo giờ', 1)
SET IDENTITY_INSERT RENTAL_TYPES OFF

--- 
INSERT INTO SERVICE_TYPE (NAME, NOTE, STATUS) VALUES (N'Giặt là', N'Dịch vụ giặt là trả đồ sau 6h.', 1)
INSERT INTO SERVICE_TYPE (NAME, NOTE, STATUS) VALUES (N'Dọn phòng', N'Dịch vụ dọn phòng ngay.', 1)
INSERT INTO SERVICE_TYPE (NAME, NOTE, STATUS) VALUES (N'Đồ uống', N'Các loại đồ uống', 1)
INSERT INTO SERVICE_TYPE (NAME, NOTE, STATUS) VALUES (N'Đồ ăn', N'Các loại đồ ăn', 1)
---
INSERT INTO SERVICESS (NAME, ID_SERVICE_TYPE, PRICES, NOTE, STATUS) 
			VALUES (N'Giặt bikini', 1, '60000', N'60.000 dong/ kg', 1 )
INSERT INTO SERVICESS (NAME, ID_SERVICE_TYPE, PRICES, NOTE, STATUS) 
			VALUES (N'Cafe sữa đá', 3, '49000', N'49.000 dong/ cup ', 1 )
INSERT INTO SERVICESS (NAME, ID_SERVICE_TYPE, PRICES, NOTE, STATUS) 
			VALUES (N'Pizza', 1, '89000', N'89.000 đồng/ cake', 1 )
INSERT INTO SERVICESS (NAME, ID_SERVICE_TYPE, PRICES, NOTE, STATUS) 
			VALUES (N'Nước lọc', 3, '10000', N'10.000 dong/ bot', 1 )
INSERT INTO SERVICESS (NAME, ID_SERVICE_TYPE, PRICES, NOTE, STATUS) 
			VALUES (N'Cafe gói', 3, '9000', N'9.000 dong/ pack ', 1 )
INSERT INTO SERVICESS (NAME, ID_SERVICE_TYPE, PRICES, NOTE, STATUS) 
			VALUES (N'Redbull', 3, '15000', N'15.000 đồng/ lon', 1 )
---
SET IDENTITY_INSERT KIND_OF_ROOM ON
INSERT INTO KIND_OF_ROOM(ID, NAME, NOTE, PRICES, STATUS) VALUES (1, N'Phòng đơn', N'Single room', '', 1)
INSERT INTO KIND_OF_ROOM(ID, NAME, NOTE, PRICES, STATUS) VALUES (2, N'Phòng đôi', N'Double room', '', 1)
INSERT INTO KIND_OF_ROOM(ID, NAME, NOTE, PRICES, STATUS) VALUES (3, N'Phòng 2 đơn', N'Twin room', '', 1)
INSERT INTO KIND_OF_ROOM(ID, NAME, NOTE, PRICES, STATUS) VALUES (4, N'Phòng VIP 1', N'King room', '', 1)
INSERT INTO KIND_OF_ROOM(ID, NAME, NOTE, PRICES, STATUS) VALUES (5, N'Phòng VIP 2', N'Queen room', '', 1)
SET IDENTITY_INSERT KIND_OF_ROOM OFF

---
SET IDENTITY_INSERT NUMBER_OF_FLOORS ON
INSERT INTO NUMBER_OF_FLOORS (ID, NUMBER_OF_FLOORS, STATUS) VALUES (1, 2, 1)
INSERT INTO NUMBER_OF_FLOORS (ID, NUMBER_OF_FLOORS, STATUS) VALUES (2, 3, 1)
INSERT INTO NUMBER_OF_FLOORS (ID, NUMBER_OF_FLOORS, STATUS) VALUES (3, 4, 1)
INSERT INTO NUMBER_OF_FLOORS (ID, NUMBER_OF_FLOORS, STATUS) VALUES (4, 5, 1)
INSERT INTO NUMBER_OF_FLOORS (ID, NUMBER_OF_FLOORS, STATUS) VALUES (5, 6, 1)
INSERT INTO NUMBER_OF_FLOORS (ID, NUMBER_OF_FLOORS, STATUS) VALUES (6, 7, 1)
INSERT INTO NUMBER_OF_FLOORS (ID, NUMBER_OF_FLOORS, STATUS) VALUES (7, 8, 1)
INSERT INTO NUMBER_OF_FLOORS (ID, NUMBER_OF_FLOORS, STATUS) VALUES (8, 9, 1)
SET IDENTITY_INSERT NUMBER_OF_FLOORS OFF

---
SET IDENTITY_INSERT ROOMS ON
INSERT INTO ROOMS (ID, NAME, ID_NUMBER_OF_FLOORS, ID_KIND_OF_ROOM, NOTE, IMG, PRICES, STATUS)
			VALUES (1, 'P201', 1, 2, N'Phòng 2 người', '', '', 1)
INSERT INTO ROOMS (ID, NAME, ID_NUMBER_OF_FLOORS, ID_KIND_OF_ROOM, NOTE, IMG, PRICES, STATUS)
			VALUES (2, 'P202', 1, 1, N'Phòng 1 người', '', '', 1)
INSERT INTO ROOMS (ID, NAME, ID_NUMBER_OF_FLOORS, ID_KIND_OF_ROOM, NOTE, IMG, PRICES, STATUS)
			VALUES (3, 'P203', 1, 2, N'Phòng 2 người', '', '', 1)
INSERT INTO ROOMS (ID, NAME, ID_NUMBER_OF_FLOORS, ID_KIND_OF_ROOM, NOTE, IMG, PRICES, STATUS)
			VALUES (4, 'P204', 1, 1, N'Phòng 1 người', '', '', 1)
INSERT INTO ROOMS (ID, NAME, ID_NUMBER_OF_FLOORS, ID_KIND_OF_ROOM, NOTE, IMG, PRICES, STATUS)
			VALUES (6, 'P205', 1, 2, N'Phòng 2 người', '', '', 1)
INSERT INTO ROOMS (ID, NAME, ID_NUMBER_OF_FLOORS, ID_KIND_OF_ROOM, NOTE, IMG, PRICES, STATUS)
			VALUES (7, 'P206', 1, 1, N'Phòng 1 người', '', '', 1)
INSERT INTO ROOMS (ID, NAME, ID_NUMBER_OF_FLOORS, ID_KIND_OF_ROOM, NOTE, IMG, PRICES, STATUS)
			VALUES (8, 'P207', 1, 2, N'Phòng 2 người', '', '', 1)
INSERT INTO ROOMS (ID, NAME, ID_NUMBER_OF_FLOORS, ID_KIND_OF_ROOM, NOTE, IMG, PRICES, STATUS)
			VALUES (5, 'P208', 1, 1, N'Phòng 1 người', '', '', 1)

INSERT INTO ROOMS (ID, NAME, ID_NUMBER_OF_FLOORS, ID_KIND_OF_ROOM, NOTE, IMG, PRICES, STATUS)
			VALUES (9, 'P301', 2, 2, N'Phòng 2 người', '', '', 1)
INSERT INTO ROOMS (ID, NAME, ID_NUMBER_OF_FLOORS, ID_KIND_OF_ROOM, NOTE, IMG, PRICES, STATUS)
			VALUES (10, 'P302', 2, 1, N'Phòng 1 người', '', '', 1)
INSERT INTO ROOMS (ID, NAME, ID_NUMBER_OF_FLOORS, ID_KIND_OF_ROOM, NOTE, IMG, PRICES, STATUS)
			VALUES (11, 'P303', 2, 2, N'Phòng 2 người', '', '', 1)
INSERT INTO ROOMS (ID, NAME, ID_NUMBER_OF_FLOORS, ID_KIND_OF_ROOM, NOTE, IMG, PRICES, STATUS)
			VALUES (12, 'P304', 2, 1, N'Phòng 1 người', '', '', 1)
INSERT INTO ROOMS (ID, NAME, ID_NUMBER_OF_FLOORS, ID_KIND_OF_ROOM, NOTE, IMG, PRICES, STATUS)
			VALUES (13, 'P305', 2, 2, N'Phòng 2 người', '', '', 1)
INSERT INTO ROOMS (ID, NAME, ID_NUMBER_OF_FLOORS, ID_KIND_OF_ROOM, NOTE, IMG, PRICES, STATUS)
			VALUES (14, 'P306', 2, 1, N'Phòng 1 người', '', '', 1)
INSERT INTO ROOMS (ID, NAME, ID_NUMBER_OF_FLOORS, ID_KIND_OF_ROOM, NOTE, IMG, PRICES, STATUS)
			VALUES (15, 'P307', 2, 2, N'Phòng 2 người', '', '', 1)
INSERT INTO ROOMS (ID, NAME, ID_NUMBER_OF_FLOORS, ID_KIND_OF_ROOM, NOTE, IMG, PRICES, STATUS)
			VALUES (16, 'P308', 2, 1, N'Phòng 1 người', '', '', 1)

INSERT INTO ROOMS (ID, NAME, ID_NUMBER_OF_FLOORS, ID_KIND_OF_ROOM, NOTE, IMG, PRICES, STATUS)
			VALUES (17, 'P401', 3, 2, N'Phòng 2 người', '', '', 1)
INSERT INTO ROOMS (ID, NAME, ID_NUMBER_OF_FLOORS, ID_KIND_OF_ROOM, NOTE, IMG, PRICES, STATUS)
			VALUES (18, 'P402', 3, 1, N'Phòng 1 người', '', '', 1)
INSERT INTO ROOMS (ID, NAME, ID_NUMBER_OF_FLOORS, ID_KIND_OF_ROOM, NOTE, IMG, PRICES, STATUS)
			VALUES (19, 'P403', 3, 2, N'Phòng 2 người', '', '', 1)
INSERT INTO ROOMS (ID, NAME, ID_NUMBER_OF_FLOORS, ID_KIND_OF_ROOM, NOTE, IMG, PRICES, STATUS)
			VALUES (20, 'P404', 3, 1, N'Phòng 1 người', '', '', 1)
INSERT INTO ROOMS (ID, NAME, ID_NUMBER_OF_FLOORS, ID_KIND_OF_ROOM, NOTE, IMG, PRICES, STATUS)
			VALUES (21, 'P405', 3, 2, N'Phòng 2 người', '', '', 1)
INSERT INTO ROOMS (ID, NAME, ID_NUMBER_OF_FLOORS, ID_KIND_OF_ROOM, NOTE, IMG, PRICES, STATUS)
			VALUES (22, 'P406', 3, 1, N'Phòng 1 người', '', '', 1)
INSERT INTO ROOMS (ID, NAME, ID_NUMBER_OF_FLOORS, ID_KIND_OF_ROOM, NOTE, IMG, PRICES, STATUS)
			VALUES (23, 'P407', 3, 2, N'Phòng 2 người', '', '', 1)
INSERT INTO ROOMS (ID, NAME, ID_NUMBER_OF_FLOORS, ID_KIND_OF_ROOM, NOTE, IMG, PRICES, STATUS)
			VALUES (24, 'P408', 3, 1, N'Phòng 1 người', '', '', 1)

INSERT INTO ROOMS (ID, NAME, ID_NUMBER_OF_FLOORS, ID_KIND_OF_ROOM, NOTE, IMG, PRICES, STATUS)
			VALUES (25, 'P501', 4, 2, N'Phòng 2 người', '', '', 1)
INSERT INTO ROOMS (ID, NAME, ID_NUMBER_OF_FLOORS, ID_KIND_OF_ROOM, NOTE, IMG, PRICES, STATUS)
			VALUES (26, 'P502', 4, 1, N'Phòng 1 người', '', '', 1)
INSERT INTO ROOMS (ID, NAME, ID_NUMBER_OF_FLOORS, ID_KIND_OF_ROOM, NOTE, IMG, PRICES, STATUS)
			VALUES (27, 'P503', 4, 2, N'Phòng 2 người', '', '', 1)
INSERT INTO ROOMS (ID, NAME, ID_NUMBER_OF_FLOORS, ID_KIND_OF_ROOM, NOTE, IMG, PRICES, STATUS)
			VALUES (28, 'P504', 4, 1, N'Phòng 1 người', '', '', 1)
INSERT INTO ROOMS (ID, NAME, ID_NUMBER_OF_FLOORS, ID_KIND_OF_ROOM, NOTE, IMG, PRICES, STATUS)
			VALUES (29, 'P505', 4, 2, N'Phòng 2 người', '', '', 1)
INSERT INTO ROOMS (ID, NAME, ID_NUMBER_OF_FLOORS, ID_KIND_OF_ROOM, NOTE, IMG, PRICES, STATUS)
			VALUES (30, 'P506', 4, 1, N'Phòng 1 người', '', '', 1)
INSERT INTO ROOMS (ID, NAME, ID_NUMBER_OF_FLOORS, ID_KIND_OF_ROOM, NOTE, IMG, PRICES, STATUS)
			VALUES (31, 'P507', 4, 2, N'Phòng 2 người', '', '', 1)
INSERT INTO ROOMS (ID, NAME, ID_NUMBER_OF_FLOORS, ID_KIND_OF_ROOM, NOTE, IMG, PRICES, STATUS)
			VALUES (32, 'P508', 4, 1, N'Phòng 1 người', '', '', 1)

INSERT INTO ROOMS (ID, NAME, ID_NUMBER_OF_FLOORS, ID_KIND_OF_ROOM, NOTE, IMG, PRICES, STATUS)
			VALUES (33, 'P601', 5, 3, N'Phòng 2 người 2 giường', '', '', 1)
INSERT INTO ROOMS (ID, NAME, ID_NUMBER_OF_FLOORS, ID_KIND_OF_ROOM, NOTE, IMG, PRICES, STATUS)
			VALUES (34, 'P602', 5, 5, N'Phòng VIP2 cho 1-2 người', '', '', 1)
INSERT INTO ROOMS (ID, NAME, ID_NUMBER_OF_FLOORS, ID_KIND_OF_ROOM, NOTE, IMG, PRICES, STATUS)
			VALUES (35, 'P603', 5, 3, N'Phòng 2 người 2 giường', '', '', 1)
INSERT INTO ROOMS (ID, NAME, ID_NUMBER_OF_FLOORS, ID_KIND_OF_ROOM, NOTE, IMG, PRICES, STATUS)
			VALUES (36, 'P604', 5, 5, N'Phòng VIP2 cho 1-2 người', '', '', 1)
INSERT INTO ROOMS (ID, NAME, ID_NUMBER_OF_FLOORS, ID_KIND_OF_ROOM, NOTE, IMG, PRICES, STATUS)
			VALUES (37, 'P605', 5, 3, N'Phòng 2 người 2 giường', '', '', 1)
INSERT INTO ROOMS (ID, NAME, ID_NUMBER_OF_FLOORS, ID_KIND_OF_ROOM, NOTE, IMG, PRICES, STATUS)
			VALUES (38, 'P606', 5, 5, N'Phòng VIP2 cho 1-2 người', '', '', 1)

INSERT INTO ROOMS (ID, NAME, ID_NUMBER_OF_FLOORS, ID_KIND_OF_ROOM, NOTE, IMG, PRICES, STATUS)
			VALUES (39, 'P701', 6, 3, N'Phòng 2 người 2 giường', '', '', 1)
INSERT INTO ROOMS (ID, NAME, ID_NUMBER_OF_FLOORS, ID_KIND_OF_ROOM, NOTE, IMG, PRICES, STATUS)
			VALUES (40, 'P702', 6, 5, N'Phòng VIP2 cho 1-2 người', '', '', 1)
INSERT INTO ROOMS (ID, NAME, ID_NUMBER_OF_FLOORS, ID_KIND_OF_ROOM, NOTE, IMG, PRICES, STATUS)
			VALUES (41, 'P703', 6, 3, N'Phòng 2 người 2 giường', '', '', 1)
INSERT INTO ROOMS (ID, NAME, ID_NUMBER_OF_FLOORS, ID_KIND_OF_ROOM, NOTE, IMG, PRICES, STATUS)
			VALUES (42, 'P704', 6, 5, N'Phòng VIP2 cho 1-2 người', '', '', 1)
INSERT INTO ROOMS (ID, NAME, ID_NUMBER_OF_FLOORS, ID_KIND_OF_ROOM, NOTE, IMG, PRICES, STATUS)
			VALUES (43, 'P705', 6, 3, N'Phòng 2 người 2 giường', '', '', 1)
INSERT INTO ROOMS (ID, NAME, ID_NUMBER_OF_FLOORS, ID_KIND_OF_ROOM, NOTE, IMG, PRICES, STATUS)
			VALUES (44, 'P706', 6, 5, N'Phòng VIP2 cho 1-2 người', '', '', 1)

INSERT INTO ROOMS (ID, NAME, ID_NUMBER_OF_FLOORS, ID_KIND_OF_ROOM, NOTE, IMG, PRICES, STATUS)
			VALUES (45, 'P801', 7, 4, N'Phòng VIP1 cho 1-2 người', '', '', 1)
INSERT INTO ROOMS (ID, NAME, ID_NUMBER_OF_FLOORS, ID_KIND_OF_ROOM, NOTE, IMG, PRICES, STATUS)
			VALUES (46, 'P802', 7, 4, N'Phòng VIP1 cho 1-2 người', '', '', 1)
INSERT INTO ROOMS (ID, NAME, ID_NUMBER_OF_FLOORS, ID_KIND_OF_ROOM, NOTE, IMG, PRICES, STATUS)
			VALUES (47, 'P803', 7, 4, N'Phòng VIP1 cho 1-2 người', '', '', 1)
INSERT INTO ROOMS (ID, NAME, ID_NUMBER_OF_FLOORS, ID_KIND_OF_ROOM, NOTE, IMG, PRICES, STATUS)
			VALUES (48, 'P804', 7, 4, N'Phòng VIP1 cho 1-2 người', '', '', 1)
INSERT INTO ROOMS (ID, NAME, ID_NUMBER_OF_FLOORS, ID_KIND_OF_ROOM, NOTE, IMG, PRICES, STATUS)
			VALUES (49, 'P805', 7, 4, N'Phòng VIP1 cho 1-2 người', '', '', 1)
SET IDENTITY_INSERT ROOMS OFF

---
SET IDENTITY_INSERT FACILITIES ON
INSERT INTO FACILITIES (ID, NAME, STATUS) VALUES (1, N'Tivi', 1)
INSERT INTO FACILITIES (ID, NAME, STATUS) VALUES (2, N'Máy sấy tóc', 1)
INSERT INTO FACILITIES (ID, NAME, STATUS) VALUES (3, N'Mini bar', 1)
INSERT INTO FACILITIES (ID, NAME, STATUS) VALUES (4, N'Tủ quần áo', 1)
INSERT INTO FACILITIES (ID, NAME, STATUS) VALUES (5, N'Đèn ngủ', 1)
INSERT INTO FACILITIES (ID, NAME, STATUS) VALUES (6, N'Ghế đẩu', 1)
INSERT INTO FACILITIES (ID, NAME, STATUS) VALUES (7, N'Bàn', 1)
SET IDENTITY_INSERT FACILITIES OFF

---
SET IDENTITY_INSERT FACILITIES_DETAILS ON
INSERT INTO FACILITIES_DETAILS (ID, ID_FACILITIES, ID_ROOMS, STATUS) VALUES (1, 1, 1, 1)
INSERT INTO FACILITIES_DETAILS (ID, ID_FACILITIES, ID_ROOMS, STATUS) VALUES (2, 2, 1, 1)
INSERT INTO FACILITIES_DETAILS (ID, ID_FACILITIES, ID_ROOMS, STATUS) VALUES (3, 3, 1, 1)
INSERT INTO FACILITIES_DETAILS (ID, ID_FACILITIES, ID_ROOMS, STATUS) VALUES (4, 4, 1, 1)
INSERT INTO FACILITIES_DETAILS (ID, ID_FACILITIES, ID_ROOMS, STATUS) VALUES (5, 5, 1, 1)

INSERT INTO FACILITIES_DETAILS (ID, ID_FACILITIES, ID_ROOMS, STATUS) VALUES (6, 1, 2, 1)
INSERT INTO FACILITIES_DETAILS (ID, ID_FACILITIES, ID_ROOMS, STATUS) VALUES (7, 2, 2, 1)
INSERT INTO FACILITIES_DETAILS (ID, ID_FACILITIES, ID_ROOMS, STATUS) VALUES (8, 3, 2, 1)
INSERT INTO FACILITIES_DETAILS (ID, ID_FACILITIES, ID_ROOMS, STATUS) VALUES (9, 4, 2, 1)
INSERT INTO FACILITIES_DETAILS (ID, ID_FACILITIES, ID_ROOMS, STATUS) VALUES (10, 5, 2, 1)

INSERT INTO FACILITIES_DETAILS (ID, ID_FACILITIES, ID_ROOMS, STATUS) VALUES (11, 1, 3, 1)
INSERT INTO FACILITIES_DETAILS (ID, ID_FACILITIES, ID_ROOMS, STATUS) VALUES (12, 2, 3, 1)
INSERT INTO FACILITIES_DETAILS (ID, ID_FACILITIES, ID_ROOMS, STATUS) VALUES (13, 3, 3, 1)
INSERT INTO FACILITIES_DETAILS (ID, ID_FACILITIES, ID_ROOMS, STATUS) VALUES (14, 4, 3, 1)
INSERT INTO FACILITIES_DETAILS (ID, ID_FACILITIES, ID_ROOMS, STATUS) VALUES (15, 5, 3, 1)

INSERT INTO FACILITIES_DETAILS (ID, ID_FACILITIES, ID_ROOMS, STATUS) VALUES (16, 1, 4, 1)
INSERT INTO FACILITIES_DETAILS (ID, ID_FACILITIES, ID_ROOMS, STATUS) VALUES (17, 2, 4, 1)
INSERT INTO FACILITIES_DETAILS (ID, ID_FACILITIES, ID_ROOMS, STATUS) VALUES (18, 3, 4, 1)
INSERT INTO FACILITIES_DETAILS (ID, ID_FACILITIES, ID_ROOMS, STATUS) VALUES (19, 4, 4, 1)
INSERT INTO FACILITIES_DETAILS (ID, ID_FACILITIES, ID_ROOMS, STATUS) VALUES (20, 5, 4, 1)

INSERT INTO FACILITIES_DETAILS (ID, ID_FACILITIES, ID_ROOMS, STATUS) VALUES (21, 1, 5, 1)
INSERT INTO FACILITIES_DETAILS (ID, ID_FACILITIES, ID_ROOMS, STATUS) VALUES (22, 2, 5, 1)
INSERT INTO FACILITIES_DETAILS (ID, ID_FACILITIES, ID_ROOMS, STATUS) VALUES (23, 3, 5, 1)
INSERT INTO FACILITIES_DETAILS (ID, ID_FACILITIES, ID_ROOMS, STATUS) VALUES (24, 4, 5, 1)
INSERT INTO FACILITIES_DETAILS (ID, ID_FACILITIES, ID_ROOMS, STATUS) VALUES (25, 5, 5, 1)

INSERT INTO FACILITIES_DETAILS (ID, ID_FACILITIES, ID_ROOMS, STATUS) VALUES (26, 1, 6, 1)
INSERT INTO FACILITIES_DETAILS (ID, ID_FACILITIES, ID_ROOMS, STATUS) VALUES (27, 2, 6, 1)
INSERT INTO FACILITIES_DETAILS (ID, ID_FACILITIES, ID_ROOMS, STATUS) VALUES (28, 3, 6, 1)
INSERT INTO FACILITIES_DETAILS (ID, ID_FACILITIES, ID_ROOMS, STATUS) VALUES (29, 4, 6, 1)
INSERT INTO FACILITIES_DETAILS (ID, ID_FACILITIES, ID_ROOMS, STATUS) VALUES (30, 5, 6, 1)

INSERT INTO FACILITIES_DETAILS (ID, ID_FACILITIES, ID_ROOMS, STATUS) VALUES (31, 1, 7, 1)
INSERT INTO FACILITIES_DETAILS (ID, ID_FACILITIES, ID_ROOMS, STATUS) VALUES (32, 2, 7, 1)
INSERT INTO FACILITIES_DETAILS (ID, ID_FACILITIES, ID_ROOMS, STATUS) VALUES (33, 3, 7, 1)
INSERT INTO FACILITIES_DETAILS (ID, ID_FACILITIES, ID_ROOMS, STATUS) VALUES (34, 4, 7, 1)
INSERT INTO FACILITIES_DETAILS (ID, ID_FACILITIES, ID_ROOMS, STATUS) VALUES (35, 5, 7, 1)

INSERT INTO FACILITIES_DETAILS (ID, ID_FACILITIES, ID_ROOMS, STATUS) VALUES (36, 1, 8, 1)
INSERT INTO FACILITIES_DETAILS (ID, ID_FACILITIES, ID_ROOMS, STATUS) VALUES (37, 2, 8, 1)
INSERT INTO FACILITIES_DETAILS (ID, ID_FACILITIES, ID_ROOMS, STATUS) VALUES (38, 3, 8, 1)
INSERT INTO FACILITIES_DETAILS (ID, ID_FACILITIES, ID_ROOMS, STATUS) VALUES (39, 4, 8, 1)
INSERT INTO FACILITIES_DETAILS (ID, ID_FACILITIES, ID_ROOMS, STATUS) VALUES (40, 5, 8, 1)

INSERT INTO FACILITIES_DETAILS (ID, ID_FACILITIES, ID_ROOMS, STATUS) VALUES (41, 1, 9, 1)
INSERT INTO FACILITIES_DETAILS (ID, ID_FACILITIES, ID_ROOMS, STATUS) VALUES (42, 2, 9, 1)
INSERT INTO FACILITIES_DETAILS (ID, ID_FACILITIES, ID_ROOMS, STATUS) VALUES (43, 3, 9, 1)
INSERT INTO FACILITIES_DETAILS (ID, ID_FACILITIES, ID_ROOMS, STATUS) VALUES (44, 4, 9, 1)
INSERT INTO FACILITIES_DETAILS (ID, ID_FACILITIES, ID_ROOMS, STATUS) VALUES (45, 5, 9, 1)

INSERT INTO FACILITIES_DETAILS (ID, ID_FACILITIES, ID_ROOMS, STATUS) VALUES (46, 1, 10, 1)
INSERT INTO FACILITIES_DETAILS (ID, ID_FACILITIES, ID_ROOMS, STATUS) VALUES (47, 2, 10, 1)
INSERT INTO FACILITIES_DETAILS (ID, ID_FACILITIES, ID_ROOMS, STATUS) VALUES (48, 3, 10, 1)
INSERT INTO FACILITIES_DETAILS (ID, ID_FACILITIES, ID_ROOMS, STATUS) VALUES (49, 4, 10, 1)
INSERT INTO FACILITIES_DETAILS (ID, ID_FACILITIES, ID_ROOMS, STATUS) VALUES (50, 5, 10, 1)
SET IDENTITY_INSERT FACILITIES_DETAILS OFF

---
SET IDENTITY_INSERT SERVICE_AVAILABLE ON
INSERT INTO SERVICE_AVAILABLE (ID, ID_SERVICE, ID_ROOMS, PRICES, QUANTITY, STATUS)
	VALUES (1, 4, 1, '10000', 2, 1)
INSERT INTO SERVICE_AVAILABLE (ID, ID_SERVICE, ID_ROOMS, PRICES, QUANTITY, STATUS)
	VALUES (2, 5, 1, '9000', 2, 1)
INSERT INTO SERVICE_AVAILABLE (ID, ID_SERVICE, ID_ROOMS, PRICES, QUANTITY, STATUS)
	VALUES (3, 6, 1, '15000', 1, 1)

INSERT INTO SERVICE_AVAILABLE (ID, ID_SERVICE, ID_ROOMS, PRICES, QUANTITY, STATUS)
	VALUES (4, 4, 2, '10000', 2, 1)
INSERT INTO SERVICE_AVAILABLE (ID, ID_SERVICE, ID_ROOMS, PRICES, QUANTITY, STATUS)
	VALUES (5, 5, 2, '9000', 2, 1)
INSERT INTO SERVICE_AVAILABLE (ID, ID_SERVICE, ID_ROOMS, PRICES, QUANTITY, STATUS)
	VALUES (6, 6, 2, '15000', 1, 1)

INSERT INTO SERVICE_AVAILABLE (ID, ID_SERVICE, ID_ROOMS, PRICES, QUANTITY, STATUS)
	VALUES (7, 4, 3, '10000', 2, 1)
INSERT INTO SERVICE_AVAILABLE (ID, ID_SERVICE, ID_ROOMS, PRICES, QUANTITY, STATUS)
	VALUES (8, 5, 3, '9000', 2, 1)
INSERT INTO SERVICE_AVAILABLE (ID, ID_SERVICE, ID_ROOMS, PRICES, QUANTITY, STATUS)
	VALUES (9, 6, 3, '15000', 1, 1)

INSERT INTO SERVICE_AVAILABLE (ID, ID_SERVICE, ID_ROOMS, PRICES, QUANTITY, STATUS)
	VALUES (10, 4, 4, '10000', 2, 1)
INSERT INTO SERVICE_AVAILABLE (ID, ID_SERVICE, ID_ROOMS, PRICES, QUANTITY, STATUS)
	VALUES (11, 5, 4, '9000', 2, 1)
INSERT INTO SERVICE_AVAILABLE (ID, ID_SERVICE, ID_ROOMS, PRICES, QUANTITY, STATUS)
	VALUES (12, 6, 4, '15000', 1, 1)

INSERT INTO SERVICE_AVAILABLE (ID, ID_SERVICE, ID_ROOMS, PRICES, QUANTITY, STATUS)
	VALUES (13, 4, 5, '10000', 2, 1)
INSERT INTO SERVICE_AVAILABLE (ID, ID_SERVICE, ID_ROOMS, PRICES, QUANTITY, STATUS)
	VALUES (14, 5, 5, '9000', 2, 1)
INSERT INTO SERVICE_AVAILABLE (ID, ID_SERVICE, ID_ROOMS, PRICES, QUANTITY, STATUS)
	VALUES (15, 6, 5, '15000', 1, 1)

INSERT INTO SERVICE_AVAILABLE (ID, ID_SERVICE, ID_ROOMS, PRICES, QUANTITY, STATUS)
	VALUES (16, 4, 6, '10000', 2, 1)
INSERT INTO SERVICE_AVAILABLE (ID, ID_SERVICE, ID_ROOMS, PRICES, QUANTITY, STATUS)
	VALUES (17, 5, 6, '9000', 2, 1)
INSERT INTO SERVICE_AVAILABLE (ID, ID_SERVICE, ID_ROOMS, PRICES, QUANTITY, STATUS)
	VALUES (18, 6, 6, '15000', 1, 1)

INSERT INTO SERVICE_AVAILABLE (ID, ID_SERVICE, ID_ROOMS, PRICES, QUANTITY, STATUS)
	VALUES (19, 4, 7, '10000', 2, 1)
INSERT INTO SERVICE_AVAILABLE (ID, ID_SERVICE, ID_ROOMS, PRICES, QUANTITY, STATUS)
	VALUES (20, 5, 7, '9000', 2, 1)
INSERT INTO SERVICE_AVAILABLE (ID, ID_SERVICE, ID_ROOMS, PRICES, QUANTITY, STATUS)
	VALUES (21, 6, 7, '15000', 1, 1)

INSERT INTO SERVICE_AVAILABLE (ID, ID_SERVICE, ID_ROOMS, PRICES, QUANTITY, STATUS)
	VALUES (22, 4, 8, '10000', 2, 1)
INSERT INTO SERVICE_AVAILABLE (ID, ID_SERVICE, ID_ROOMS, PRICES, QUANTITY, STATUS)
	VALUES (23, 5, 8, '9000', 2, 1)
INSERT INTO SERVICE_AVAILABLE (ID, ID_SERVICE, ID_ROOMS, PRICES, QUANTITY, STATUS)
	VALUES (24, 6, 8, '15000', 1, 1)
SET IDENTITY_INSERT SERVICE_AVAILABLE OFF

---
SET IDENTITY_INSERT BOOKING_TYPE ON
INSERT INTO BOOKING_TYPE (ID, NAME, STATUS) VALUES (1, N'OFFLINE', 1)
INSERT INTO BOOKING_TYPE (ID, NAME, STATUS) VALUES (2, N'ONLINE', 1)
SET IDENTITY_INSERT BOOKING_TYPE OFF

---


